ward_code,ward_name,index_domain,ward_average_score,ward_average_score_rank
E05015239,Altrincham,Barriers to Housing and Services,9.892284281563407,11
E05015239,Altrincham,Crime,-0.23674749273596404,13
E05015239,Altrincham,"Education, Skills and Training",1.0723088386915363,19
E05015239,Altrincham,Employment,0.05124767755468984,20
E05015239,Altrincham,Health and Disability,-1.0546298622176398,19
E05015239,Altrincham,Income,0.07237238729028025,18
E05015239,Altrincham,Income Deprivation Affecting Children,0.07838621340887629,18
E05015239,Altrincham,Income Deprivation Affecting Older People,0.08412327044025156,18
E05015239,Altrincham,Index of Multiple Deprivation,5.437117817977318,19
E05015239,Altrincham,Living Environment,21.970793982566313,13
E05015240,Ashton upon Mersey,Barriers to Housing and Services,7.500391169100492,19
E05015240,Ashton upon Mersey,Crime,-0.33531080964313487,15
E05015240,Ashton upon Mersey,"Education, Skills and Training",2.7575838589821133,15
E05015240,Ashton upon Mersey,Employment,0.08592890716803761,14
E05015240,Ashton upon Mersey,Health and Disability,-0.3344265099801262,12
E05015240,Ashton upon Mersey,Income,0.09816357037933121,16
E05015240,Ashton upon Mersey,Income Deprivation Affecting Children,0.08494559800664452,17
E05015240,Ashton upon Mersey,Income Deprivation Affecting Older People,0.1147935871743487,13
E05015240,Ashton upon Mersey,Index of Multiple Deprivation,9.618657219389958,13
E05015240,Ashton upon Mersey,Living Environment,30.365997062127366,7
E05015241,Bowdon,Barriers to Housing and Services,16.58891137614679,3
E05015241,Bowdon,Crime,-0.3826508256880735,16
E05015241,Bowdon,"Education, Skills and Training",2.87528256880734,14
E05015241,Bowdon,Employment,0.07579389686684072,15
E05015241,Bowdon,Health and Disability,-0.7816192660550458,17
E05015241,Bowdon,Income,0.10179559633027524,15
E05015241,Bowdon,Income Deprivation Affecting Children,0.13043486682808716,13
E05015241,Bowdon,Income Deprivation Affecting Older People,0.0887941001191895,16
E05015241,Bowdon,Index of Multiple Deprivation,9.258487155963302,15
E05015241,Bowdon,Living Environment,24.832932293577983,11
E05015242,Broadheath,Barriers to Housing and Services,13.954787173139406,5
E05015242,Broadheath,Crime,-0.4039502552993966,17
E05015242,Broadheath,"Education, Skills and Training",5.160237196348445,13
E05015242,Broadheath,Employment,0.07262961523513409,17
E05015242,Broadheath,Health and Disability,-0.7645787559956676,15
E05015242,Broadheath,Income,0.10994832121305895,12
E05015242,Broadheath,Income Deprivation Affecting Children,0.13053635204081634,12
E05015242,Broadheath,Income Deprivation Affecting Older People,0.11638391801340164,12
E05015242,Broadheath,Index of Multiple Deprivation,7.519959693640724,16
E05015242,Broadheath,Living Environment,11.4837317809067,18
E05015243,Brooklands,Barriers to Housing and Services,6.953173632218845,20
E05015243,Brooklands,Crime,-0.7596439019756839,21
E05015243,Brooklands,"Education, Skills and Training",0.8941699278115501,20
E05015243,Brooklands,Employment,0.05714780600461894,18
E05015243,Brooklands,Health and Disability,-0.8881300341945289,18
E05015243,Brooklands,Income,0.06811198708206687,20
E05015243,Brooklands,Income Deprivation Affecting Children,0.0735,19
E05015243,Brooklands,Income Deprivation Affecting Older People,0.07592538405267008,19
E05015243,Brooklands,Index of Multiple Deprivation,4.588391147416413,21
E05015243,Brooklands,Living Environment,16.88456003039514,14
E05015244,Bucklow-St Martins,Barriers to Housing and Services,23.434627577189985,1
E05015244,Bucklow-St Martins,Crime,0.7202894498642263,1
E05015244,Bucklow-St Martins,"Education, Skills and Training",36.58014884843608,1
E05015244,Bucklow-St Martins,Employment,0.27448122695273214,1
E05015244,Bucklow-St Martins,Health and Disability,1.0239514231117368,1
E05015244,Bucklow-St Martins,Income,0.44143306849039526,1
E05015244,Bucklow-St Martins,Income Deprivation Affecting Children,0.6242801507537689,1
E05015244,Bucklow-St Martins,Income Deprivation Affecting Older People,0.2989335232668566,2
E05015244,Bucklow-St Martins,Index of Multiple Deprivation,41.26637946293875,1
E05015244,Bucklow-St Martins,Living Environment,7.657426631801267,21
E05015245,Davyhulme,Barriers to Housing and Services,9.83913507663001,12
E05015245,Davyhulme,Crime,-0.12020633821110054,12
E05015245,Davyhulme,"Education, Skills and Training",11.28516096631743,8
E05015245,Davyhulme,Employment,0.10268008817046288,12
E05015245,Davyhulme,Health and Disability,-0.20565607411897133,10
E05015245,Davyhulme,Income,0.12859364447138277,11
E05015245,Davyhulme,Income Deprivation Affecting Children,0.17386515353805074,10
E05015245,Davyhulme,Income Deprivation Affecting Older People,0.10305827067669172,14
E05015245,Davyhulme,Index of Multiple Deprivation,11.761625595289635,12
E05015245,Davyhulme,Living Environment,16.586671313533635,15
E05015246,Flixton,Barriers to Housing and Services,8.649887254499138,16
E05015246,Flixton,Crime,-0.33480179143725863,14
E05015246,Flixton,"Education, Skills and Training",5.388979209466678,12
E05015246,Flixton,Employment,0.08723839137645108,13
E05015246,Flixton,Health and Disability,-0.2302824389843044,11
E05015246,Flixton,Income,0.10190615498397566,14
E05015246,Flixton,Income Deprivation Affecting Children,0.11163385464581416,14
E05015246,Flixton,Income Deprivation Affecting Older People,0.1005148709315376,15
E05015246,Flixton,Index of Multiple Deprivation,9.50643175281453,14
E05015246,Flixton,Living Environment,25.280736214972475,10
E05015247,Gorse Hill & Cornbrook,Barriers to Housing and Services,12.63674409448819,7
E05015247,Gorse Hill & Cornbrook,Crime,0.5040666830708661,2
E05015247,Gorse Hill & Cornbrook,"Education, Skills and Training",16.94591904527559,4
E05015247,Gorse Hill & Cornbrook,Employment,0.1629430129990715,5
E05015247,Gorse Hill & Cornbrook,Health and Disability,0.4250344488188976,3
E05015247,Gorse Hill & Cornbrook,Income,0.30044463582677167,3
E05015247,Gorse Hill & Cornbrook,Income Deprivation Affecting Children,0.4616588861588862,3
E05015247,Gorse Hill & Cornbrook,Income Deprivation Affecting Older People,0.2724904793171372,4
E05015247,Gorse Hill & Cornbrook,Index of Multiple Deprivation,25.773588090551183,3
E05015247,Gorse Hill & Cornbrook,Living Environment,38.1937155511811,3
E05015248,Hale,Barriers to Housing and Services,9.008928876649891,15
E05015248,Hale,Crime,-0.48468293609343843,18
E05015248,Hale,"Education, Skills and Training",0.717218497768493,21
E05015248,Hale,Employment,0.044593365519389506,21
E05015248,Hale,Health and Disability,-1.1688533852435665,20
E05015248,Hale,Income,0.06496847402905707,21
E05015248,Hale,Income Deprivation Affecting Children,0.06916585956416466,21
E05015248,Hale,Income Deprivation Affecting Older People,0.0714109785202864,21
E05015248,Hale,Index of Multiple Deprivation,5.72073516285253,18
E05015248,Hale,Living Environment,31.12953850536511,6
E05015249,Hale Barns & Timperley South,Barriers to Housing and Services,20.43510164917541,2
E05015249,Hale Barns & Timperley South,Crime,-0.6081562218890555,20
E05015249,Hale Barns & Timperley South,"Education, Skills and Training",2.012516141929036,18
E05015249,Hale Barns & Timperley South,Employment,0.05585999254287845,19
E05015249,Hale Barns & Timperley South,Health and Disability,-1.3941885057471266,21
E05015249,Hale Barns & Timperley South,Income,0.07203558220889555,19
E05015249,Hale Barns & Timperley South,Income Deprivation Affecting Children,0.07217613636363639,20
E05015249,Hale Barns & Timperley South,Income Deprivation Affecting Older People,0.07578791901759044,20
E05015249,Hale Barns & Timperley South,Index of Multiple Deprivation,5.27931604197901,20
E05015249,Hale Barns & Timperley South,Living Environment,7.6909483258370805,20
E05015250,Longford,Barriers to Housing and Services,11.261776173979985,10
E05015250,Longford,Crime,0.4196949576597382,4
E05015250,Longford,"Education, Skills and Training",16.891871343341034,5
E05015250,Longford,Employment,0.16774473603906012,4
E05015250,Longford,Health and Disability,0.22567523094688227,4
E05015250,Longford,Income,0.27636229792147804,4
E05015250,Longford,Income Deprivation Affecting Children,0.34427595884003737,5
E05015250,Longford,Income Deprivation Affecting Older People,0.28334735413839895,3
E05015250,Longford,Index of Multiple Deprivation,23.262190531177826,4
E05015250,Longford,Living Environment,27.16094620862202,8
E05015251,Lostock & Barton,Barriers to Housing and Services,12.781675709726185,6
E05015251,Lostock & Barton,Crime,0.06512926255669409,8
E05015251,Lostock & Barton,"Education, Skills and Training",15.015100789517891,6
E05015251,Lostock & Barton,Employment,0.13566227369542064,7
E05015251,Lostock & Barton,Health and Disability,0.03197077103981186,7
E05015251,Lostock & Barton,Income,0.21366294305392236,6
E05015251,Lostock & Barton,Income Deprivation Affecting Children,0.31780063542494036,6
E05015251,Lostock & Barton,Income Deprivation Affecting Older People,0.14524571651090346,9
E05015251,Lostock & Barton,Index of Multiple Deprivation,18.210689400302368,7
E05015251,Lostock & Barton,Living Environment,26.101257685200743,9
E05015252,Manor,Barriers to Housing and Services,11.291399896694214,9
E05015252,Manor,Crime,0.12270041322314051,6
E05015252,Manor,"Education, Skills and Training",17.62460433884298,3
E05015252,Manor,Employment,0.1766333739342266,3
E05015252,Manor,Health and Disability,-0.010552995867768615,8
E05015252,Manor,Income,0.2720294421487603,5
E05015252,Manor,Income Deprivation Affecting Children,0.3696570862239842,4
E05015252,Manor,Income Deprivation Affecting Older People,0.1813046623794212,7
E05015252,Manor,Index of Multiple Deprivation,22.52658388429752,5
E05015252,Manor,Living Environment,7.772702685950414,19
E05015253,Old Trafford,Barriers to Housing and Services,15.841038344691682,4
E05015253,Old Trafford,Crime,0.4586087527711635,3
E05015253,Old Trafford,"Education, Skills and Training",21.253862878725673,2
E05015253,Old Trafford,Employment,0.20020669631826046,2
E05015253,Old Trafford,Health and Disability,0.7455898678052386,2
E05015253,Old Trafford,Income,0.391602430413006,2
E05015253,Old Trafford,Income Deprivation Affecting Children,0.48183656307129796,2
E05015253,Old Trafford,Income Deprivation Affecting Older People,0.47356009334889143,1
E05015253,Old Trafford,Index of Multiple Deprivation,34.04107915263979,2
E05015253,Old Trafford,Living Environment,44.09772198045816,1
E05015254,Sale Central,Barriers to Housing and Services,8.487949500172354,17
E05015254,Sale Central,Crime,-0.05676568424681145,10
E05015254,Sale Central,"Education, Skills and Training",2.020598759048604,17
E05015254,Sale Central,Employment,0.10291284530386739,11
E05015254,Sale Central,Health and Disability,-0.466556101344364,14
E05015254,Sale Central,Income,0.10734962082040675,13
E05015254,Sale Central,Income Deprivation Affecting Children,0.09728479485116655,16
E05015254,Sale Central,Income Deprivation Affecting Older People,0.13761469387755101,10
E05015254,Sale Central,Index of Multiple Deprivation,12.248004395036194,11
E05015254,Sale Central,Living Environment,37.2108225611858,4
E05015255,Sale Moor,Barriers to Housing and Services,7.665827092404451,18
E05015255,Sale Moor,Crime,0.06631223996129652,7
E05015255,Sale Moor,"Education, Skills and Training",10.301997774552492,9
E05015255,Sale Moor,Employment,0.13243423999999998,8
E05015255,Sale Moor,Health and Disability,-0.12914929850024187,9
E05015255,Sale Moor,Income,0.19624663763909045,8
E05015255,Sale Moor,Income Deprivation Affecting Children,0.2341348071087993,8
E05015255,Sale Moor,Income Deprivation Affecting Older People,0.18935796460176993,6
E05015255,Sale Moor,Index of Multiple Deprivation,16.522372230285438,8
E05015255,Sale Moor,Living Environment,22.22051465892598,12
E05015256,Stretford & Humphrey Park,Barriers to Housing and Services,9.533538015034733,14
E05015256,Stretford & Humphrey Park,Crime,0.26203035493386617,5
E05015256,Stretford & Humphrey Park,"Education, Skills and Training",11.37384984299172,7
E05015256,Stretford & Humphrey Park,Employment,0.1393797299302567,6
E05015256,Stretford & Humphrey Park,Health and Disability,0.11722133409458559,6
E05015256,Stretford & Humphrey Park,Income,0.2061936435436293,7
E05015256,Stretford & Humphrey Park,Income Deprivation Affecting Children,0.25561222540592166,7
E05015256,Stretford & Humphrey Park,Income Deprivation Affecting Older People,0.19421703296703297,5
E05015256,Stretford & Humphrey Park,Index of Multiple Deprivation,19.959110191264628,6
E05015256,Stretford & Humphrey Park,Living Environment,42.70945684651251,2
E05015257,Timperley Central,Barriers to Housing and Services,12.492024353004046,8
E05015257,Timperley Central,Crime,-0.06725872203985037,11
E05015257,Timperley Central,"Education, Skills and Training",8.77757966256966,10
E05015257,Timperley Central,Employment,0.115623550040464,9
E05015257,Timperley Central,Health and Disability,-0.4107190625238567,13
E05015257,Timperley Central,Income,0.16420238186121075,9
E05015257,Timperley Central,Income Deprivation Affecting Children,0.2203792977322604,9
E05015257,Timperley Central,Income Deprivation Affecting Older People,0.1254061640066043,11
E05015257,Timperley Central,Index of Multiple Deprivation,13.392130849683182,10
E05015257,Timperley Central,Living Environment,15.371080082449044,16
E05015258,Timperley North,Barriers to Housing and Services,9.81780931753167,13
E05015258,Timperley North,Crime,-0.575497915815284,19
E05015258,Timperley North,"Education, Skills and Training",2.7005153248876175,16
E05015258,Timperley North,Employment,0.07557049448304044,16
E05015258,Timperley North,Health and Disability,-0.7788385778504291,16
E05015258,Timperley North,Income,0.08940514916223946,17
E05015258,Timperley North,Income Deprivation Affecting Children,0.09865284773343666,15
E05015258,Timperley North,Income Deprivation Affecting Older People,0.08777342419080068,17
E05015258,Timperley North,Index of Multiple Deprivation,6.487520719248058,17
E05015258,Timperley North,Living Environment,13.153418062934206,17
E05015259,Urmston,Barriers to Housing and Services,6.360545834399249,21
E05015259,Urmston,Crime,0.023679713481708883,9
E05015259,Urmston,"Education, Skills and Training",5.818617719791932,11
E05015259,Urmston,Employment,0.11468080077853468,10
E05015259,Urmston,Health and Disability,0.16208859895966574,5
E05015259,Urmston,Income,0.14110659162616185,10
E05015259,Urmston,Income Deprivation Affecting Children,0.1371167487684729,11
E05015259,Urmston,Income Deprivation Affecting Older People,0.17373661538461538,8
E05015259,Urmston,Index of Multiple Deprivation,14.456590347062335,9
E05015259,Urmston,Living Environment,33.21695122367186,5
