msoa21cd,msoa21nm,index_domain,msoa_average_score,msoa_average_score_rank
E02001259,Old Trafford,Barriers to Housing and Services,17.565113488064757,3
E02001259,Old Trafford,Crime,0.6790464194267779,2
E02001259,Old Trafford,"Education, Skills and Training",22.236756669695218,2
E02001259,Old Trafford,Employment,0.20536781880382213,2
E02001259,Old Trafford,Health and Disability,0.8929420996117947,2
E02001259,Old Trafford,Income,0.4169594449492029,2
E02001259,Old Trafford,Income Deprivation Affecting Children,0.5480450097847358,2
E02001259,Old Trafford,Income Deprivation Affecting Older People,0.5641891891891891,1
E02001259,Old Trafford,Index of Multiple Deprivation,36.46133410423722,2
E02001259,Old Trafford,Living Environment,42.18869761295118,2
E02001260,Trafford Park West & Kingsway Park,Barriers to Housing and Services,5.949967695714472,28
E02001260,Trafford Park West & Kingsway Park,Crime,-0.2517212452781034,17
E02001260,Trafford Park West & Kingsway Park,"Education, Skills and Training",8.28178051322131,13
E02001260,Trafford Park West & Kingsway Park,Employment,0.10462764578833694,15
E02001260,Trafford Park West & Kingsway Park,Health and Disability,-0.24882063305978896,15
E02001260,Trafford Park West & Kingsway Park,Income,0.1168720854500456,14
E02001260,Trafford Park West & Kingsway Park,Income Deprivation Affecting Children,0.1409044673539519,14
E02001260,Trafford Park West & Kingsway Park,Income Deprivation Affecting Older People,0.10338147268408551,17
E02001260,Trafford Park West & Kingsway Park,Index of Multiple Deprivation,11.164102644262082,15
E02001260,Trafford Park West & Kingsway Park,Living Environment,25.72376670574443,14
E02001261,Gorse Hill,Barriers to Housing and Services,10.307532210109018,13
E02001261,Gorse Hill,Crime,0.31091542781631976,7
E02001261,Gorse Hill,"Education, Skills and Training",17.76100792864222,5
E02001261,Gorse Hill,Employment,0.1574211125569291,7
E02001261,Gorse Hill,Health and Disability,0.3067575156921044,6
E02001261,Gorse Hill,Income,0.287380574826561,4
E02001261,Gorse Hill,Income Deprivation Affecting Children,0.4390969207470975,3
E02001261,Gorse Hill,Income Deprivation Affecting Older People,0.2164833720030936,8
E02001261,Gorse Hill,Index of Multiple Deprivation,23.74228939544103,5
E02001261,Gorse Hill,Living Environment,38.39902015196564,4
E02001262,Firswood,Barriers to Housing and Services,11.48945030563731,11
E02001262,Firswood,Crime,0.2891650441476115,8
E02001262,Firswood,"Education, Skills and Training",16.810370387140594,6
E02001262,Firswood,Employment,0.1623539634687001,6
E02001262,Firswood,Health and Disability,0.1674507584333258,9
E02001262,Firswood,Income,0.2814609463436722,5
E02001262,Firswood,Income Deprivation Affecting Children,0.33585479597244305,6
E02001262,Firswood,Income Deprivation Affecting Older People,0.3143460410557185,2
E02001262,Firswood,Index of Multiple Deprivation,22.775470681458003,7
E02001262,Firswood,Living Environment,30.193284469096675,10
E02001263,Davyhulme,Barriers to Housing and Services,8.366780505243089,20
E02001263,Davyhulme,Crime,-0.38451668255481414,18
E02001263,Davyhulme,"Education, Skills and Training",3.817848307912297,15
E02001263,Davyhulme,Employment,0.07028235053235053,18
E02001263,Davyhulme,Health and Disability,-0.4297914680648237,17
E02001263,Davyhulme,Income,0.08193851286939942,20
E02001263,Davyhulme,Income Deprivation Affecting Children,0.10960218508997431,15
E02001263,Davyhulme,Income Deprivation Affecting Older People,0.060688995215311,26
E02001263,Davyhulme,Index of Multiple Deprivation,6.914470686367969,21
E02001263,Davyhulme,Living Environment,20.12248319828408,16
E02001264,Trafford Park East & Sevenways,Barriers to Housing and Services,11.815556692913384,8
E02001264,Trafford Park East & Sevenways,Crime,-0.08168965129358831,14
E02001264,Trafford Park East & Sevenways,"Education, Skills and Training",12.5579968503937,11
E02001264,Trafford Park East & Sevenways,Employment,0.11361164189667373,14
E02001264,Trafford Park East & Sevenways,Health and Disability,-0.18610269966254217,14
E02001264,Trafford Park East & Sevenways,Income,0.2029870641169854,10
E02001264,Trafford Park East & Sevenways,Income Deprivation Affecting Children,0.3063100150981379,8
E02001264,Trafford Park East & Sevenways,Income Deprivation Affecting Older People,0.1365634638196916,13
E02001264,Trafford Park East & Sevenways,Index of Multiple Deprivation,15.879571766029244,12
E02001264,Trafford Park East & Sevenways,Living Environment,29.822810123734534,12
E02001265,Flixton & Moorside,Barriers to Housing and Services,11.687857522980163,9
E02001265,Flixton & Moorside,Crime,0.10157776971456214,12
E02001265,Flixton & Moorside,"Education, Skills and Training",15.958236937590712,7
E02001265,Flixton & Moorside,Employment,0.12597334394270937,11
E02001265,Flixton & Moorside,Health and Disability,0.12143662312530237,10
E02001265,Flixton & Moorside,Income,0.17002951136913402,12
E02001265,Flixton & Moorside,Income Deprivation Affecting Children,0.22755057618437902,11
E02001265,Flixton & Moorside,Income Deprivation Affecting Older People,0.16378356164383565,12
E02001265,Flixton & Moorside,Index of Multiple Deprivation,16.058181543299465,11
E02001265,Flixton & Moorside,Living Environment,17.924634857281085,17
E02001266,Lostock & Stretford Meadows,Barriers to Housing and Services,14.403725917263557,7
E02001266,Lostock & Stretford Meadows,Crime,0.5223024411635726,3
E02001266,Lostock & Stretford Meadows,"Education, Skills and Training",17.80534454027189,4
E02001266,Lostock & Stretford Meadows,Employment,0.1848741307371349,3
E02001266,Lostock & Stretford Meadows,Health and Disability,0.4159163864932028,3
E02001266,Lostock & Stretford Meadows,Income,0.2548488525069434,7
E02001266,Lostock & Stretford Meadows,Income Deprivation Affecting Children,0.3185158906134516,7
E02001266,Lostock & Stretford Meadows,Income Deprivation Affecting Older People,0.22728835136855505,7
E02001266,Lostock & Stretford Meadows,Index of Multiple Deprivation,24.713072065487502,4
E02001266,Lostock & Stretford Meadows,Living Environment,31.30273878087999,9
E02001267,Urmston East,Barriers to Housing and Services,7.151546813862493,25
E02001267,Urmston East,Crime,0.19552934600335384,10
E02001267,Urmston East,"Education, Skills and Training",6.123342509782002,14
E02001267,Urmston East,Employment,0.12334195274186358,12
E02001267,Urmston East,Health and Disability,0.40498728339854667,4
E02001267,Urmston East,Income,0.15988960313024034,13
E02001267,Urmston East,Income Deprivation Affecting Children,0.14437403267411866,13
E02001267,Urmston East,Income Deprivation Affecting Older People,0.21074665981500515,9
E02001267,Urmston East,Index of Multiple Deprivation,17.0723201509223,10
E02001267,Urmston East,Living Environment,38.86586612632756,3
E02001268,Urmston West,Barriers to Housing and Services,7.145416995490417,26
E02001268,Urmston West,Crime,-0.4678814825253665,21
E02001268,Urmston West,"Education, Skills and Training",3.782817361894025,16
E02001268,Urmston West,Employment,0.08109808670380236,16
E02001268,Urmston West,Health and Disability,-0.35283666854565954,16
E02001268,Urmston West,Income,0.08683878241262684,18
E02001268,Urmston West,Income Deprivation Affecting Children,0.08453406421299922,21
E02001268,Urmston West,Income Deprivation Affecting Older People,0.08069355586462681,21
E02001268,Urmston West,Index of Multiple Deprivation,8.103604143179258,17
E02001268,Urmston West,Living Environment,24.8370797632469,15
E02001269,Stretford East,Barriers to Housing and Services,10.159633015336313,14
E02001269,Stretford East,Crime,0.5109490399710179,4
E02001269,Stretford East,"Education, Skills and Training",11.20134887090931,12
E02001269,Stretford East,Employment,0.15364851762073464,8
E02001269,Stretford East,Health and Disability,0.3376023427122329,5
E02001269,Stretford East,Income,0.2356931530008453,9
E02001269,Stretford East,Income Deprivation Affecting Children,0.2984656679151061,9
E02001269,Stretford East,Income Deprivation Affecting Older People,0.2538225335668418,5
E02001269,Stretford East,Index of Multiple Deprivation,23.37044088878155,6
E02001269,Stretford East,Living Environment,43.34248858833474,1
E02001270,Sale North,Barriers to Housing and Services,8.353599560337846,21
E02001270,Sale North,Crime,-0.39158602337151455,19
E02001270,Sale North,"Education, Skills and Training",2.4759903968529446,18
E02001270,Sale North,Employment,0.11832540861812778,13
E02001270,Sale North,Health and Disability,-0.018424968182344022,13
E02001270,Sale North,Income,0.108901885919241,15
E02001270,Sale North,Income Deprivation Affecting Children,0.09261596958174907,19
E02001270,Sale North,Income Deprivation Affecting Older People,0.13428947368421054,14
E02001270,Sale North,Index of Multiple Deprivation,13.488261020479,14
E02001270,Sale North,Living Environment,38.05357665162559,5
E02001271,Ashton upon Mersey North,Barriers to Housing and Services,10.112645347974476,15
E02001271,Ashton upon Mersey North,Crime,0.13767903249740318,11
E02001271,Ashton upon Mersey North,"Education, Skills and Training",13.514279121531384,9
E02001271,Ashton upon Mersey North,Employment,0.1388575682382134,10
E02001271,Ashton upon Mersey North,Health and Disability,0.005830835435524556,12
E02001271,Ashton upon Mersey North,Income,0.19326072117524856,11
E02001271,Ashton upon Mersey North,Income Deprivation Affecting Children,0.2184884196185286,12
E02001271,Ashton upon Mersey North,Income Deprivation Affecting Older People,0.18304747225647347,11
E02001271,Ashton upon Mersey North,Index of Multiple Deprivation,15.80924647573824,13
E02001271,Ashton upon Mersey North,Living Environment,13.600363407033685,23
E02001272,Sale East,Barriers to Housing and Services,6.167947801522967,27
E02001272,Sale East,Crime,-0.3991043969540653,20
E02001272,Sale East,"Education, Skills and Training",1.1270836403831983,25
E02001272,Sale East,Employment,0.06595799373040753,19
E02001272,Sale East,Health and Disability,-0.9066478752149348,22
E02001272,Sale East,Income,0.07439326946696144,22
E02001272,Sale East,Income Deprivation Affecting Children,0.07287664945496271,24
E02001272,Sale East,Income Deprivation Affecting Older People,0.0819500244977952,19
E02001272,Sale East,Index of Multiple Deprivation,6.700666666666667,22
E02001272,Sale East,Living Environment,32.06439105870794,7
E02001273,Sale Central,Barriers to Housing and Services,7.9697735908470655,22
E02001273,Sale Central,Crime,-0.04980014695077152,13
E02001273,Sale Central,"Education, Skills and Training",1.3564691928204051,22
E02001273,Sale Central,Employment,0.07512205604263365,17
E02001273,Sale Central,Health and Disability,-0.7539702949511913,19
E02001273,Sale Central,Income,0.09503810223575103,17
E02001273,Sale Central,Income Deprivation Affecting Children,0.08660477849676457,20
E02001273,Sale Central,Income Deprivation Affecting Older People,0.12324211502782931,16
E02001273,Sale Central,Index of Multiple Deprivation,9.397595360554215,16
E02001273,Sale Central,Living Environment,34.170814317203735,6
E02001274,Ashton upon Mersey South,Barriers to Housing and Services,7.305773886943472,24
E02001274,Ashton upon Mersey South,Crime,-0.623794272136068,24
E02001274,Ashton upon Mersey South,"Education, Skills and Training",1.606127563781891,21
E02001274,Ashton upon Mersey South,Employment,0.06173308957952468,23
E02001274,Ashton upon Mersey South,Health and Disability,-0.800482116058029,20
E02001274,Ashton upon Mersey South,Income,0.07190445222611305,24
E02001274,Ashton upon Mersey South,Income Deprivation Affecting Children,0.08076340482573727,22
E02001274,Ashton upon Mersey South,Income Deprivation Affecting Older People,0.06607256235827665,23
E02001274,Ashton upon Mersey South,Index of Multiple Deprivation,4.652603926963481,24
E02001274,Ashton upon Mersey South,Living Environment,13.730935467733866,22
E02001275,Partington,Barriers to Housing and Services,25.662651236835664,1
E02001275,Partington,Crime,0.7658328434974285,1
E02001275,Partington,"Education, Skills and Training",38.03664229733039,1
E02001275,Partington,Employment,0.2859675753820735,1
E02001275,Partington,Health and Disability,1.1303519470977221,1
E02001275,Partington,Income,0.47090460445750676,1
E02001275,Partington,Income Deprivation Affecting Children,0.6787361809045226,1
E02001275,Partington,Income Deprivation Affecting Older People,0.3019714285714286,3
E02001275,Partington,Index of Multiple Deprivation,44.19396399706099,1
E02001275,Partington,Living Environment,7.177907910849865,27
E02001276,Sale Moor,Barriers to Housing and Services,8.779233555885263,18
E02001276,Sale Moor,Crime,0.22216382294757664,9
E02001276,Sale Moor,"Education, Skills and Training",13.058827645895153,10
E02001276,Sale Moor,Employment,0.1527785151389465,9
E02001276,Sale Moor,Health and Disability,0.17537994559841744,8
E02001276,Sale Moor,Income,0.23723701780415427,8
E02001276,Sale Moor,Income Deprivation Affecting Children,0.2777829742511823,10
E02001276,Sale Moor,Income Deprivation Affecting Older People,0.2371578034682081,6
E02001276,Sale Moor,Index of Multiple Deprivation,19.313865232443124,9
E02001276,Sale Moor,Living Environment,14.667730712166172,20
E02001277,Broadheath & Firsway,Barriers to Housing and Services,17.446990331936835,4
E02001277,Broadheath & Firsway,Crime,0.31115468901063487,6
E02001277,Broadheath & Firsway,"Education, Skills and Training",21.276138790417875,3
E02001277,Broadheath & Firsway,Employment,0.18428352359856878,4
E02001277,Broadheath & Firsway,Health and Disability,0.07864335589214737,11
E02001277,Broadheath & Firsway,Income,0.3131940058008379,3
E02001277,Broadheath & Firsway,Income Deprivation Affecting Children,0.3860582822085889,4
E02001277,Broadheath & Firsway,Income Deprivation Affecting Older People,0.2940871287128713,4
E02001277,Broadheath & Firsway,Index of Multiple Deprivation,25.543764958642175,3
E02001277,Broadheath & Firsway,Living Environment,3.8589199699215815,28
E02001278,West Timperley,Barriers to Housing and Services,9.299139853024307,17
E02001278,West Timperley,Crime,-0.8258845675522893,27
E02001278,West Timperley,"Education, Skills and Training",1.2132418315432447,24
E02001278,West Timperley,Employment,0.0597964265348793,24
E02001278,West Timperley,Health and Disability,-0.9004234030525721,21
E02001278,West Timperley,Income,0.06572888637648389,25
E02001278,West Timperley,Income Deprivation Affecting Children,0.06659384615384616,25
E02001278,West Timperley,Income Deprivation Affecting Older People,0.06699088729016786,22
E02001278,West Timperley,Index of Multiple Deprivation,4.291453024307518,26
E02001278,West Timperley,Living Environment,14.028483889202942,21
E02001279,Timperley North,Barriers to Housing and Services,7.5568705254216715,23
E02001279,Timperley North,Crime,-1.030636694575901,28
E02001279,Timperley North,"Education, Skills and Training",0.7293340614003156,27
E02001279,Timperley North,Employment,0.053034797017398515,26
E02001279,Timperley North,Health and Disability,-1.254681956073292,26
E02001279,Timperley North,Income,0.04626489503701007,28
E02001279,Timperley North,Income Deprivation Affecting Children,0.04391423766816144,28
E02001279,Timperley North,Income Deprivation Affecting Older People,0.04979560649474689,27
E02001279,Timperley North,Index of Multiple Deprivation,2.6359321684261614,28
E02001279,Timperley North,Living Environment,10.516604659628687,24
E02001280,Timperley East,Barriers to Housing and Services,15.512734533051047,6
E02001280,Timperley East,Crime,0.4543448600329334,5
E02001280,Timperley East,"Education, Skills and Training",15.18225993883792,8
E02001280,Timperley East,Employment,0.17266235864297252,5
E02001280,Timperley East,Health and Disability,0.27033345095271694,7
E02001280,Timperley East,Income,0.26403669724770645,6
E02001280,Timperley East,Income Deprivation Affecting Children,0.3582991169977925,5
E02001280,Timperley East,Income Deprivation Affecting Older People,0.2031974730931212,10
E02001280,Timperley East,Index of Multiple Deprivation,21.835126911314987,8
E02001280,Timperley East,Living Environment,10.336493648553281,25
E02001281,Timperley South,Barriers to Housing and Services,9.46972962915437,16
E02001281,Timperley South,Crime,-0.6644652893622481,25
E02001281,Timperley South,"Education, Skills and Training",1.0577850635185422,26
E02001281,Timperley South,Employment,0.04696314213314905,27
E02001281,Timperley South,Health and Disability,-1.200292826895932,25
E02001281,Timperley South,Income,0.055001154882586945,26
E02001281,Timperley South,Income Deprivation Affecting Children,0.050225765306122445,27
E02001281,Timperley South,Income Deprivation Affecting Older People,0.06331148973350809,25
E02001281,Timperley South,Index of Multiple Deprivation,3.491167201334531,27
E02001281,Timperley South,Living Environment,17.53112896188888,19
E02001282,Altrincham East,Barriers to Housing and Services,10.582485501567398,12
E02001282,Altrincham East,Crime,-0.1583185736677116,15
E02001282,Altrincham East,"Education, Skills and Training",1.7367591105015674,20
E02001282,Altrincham East,Employment,0.06243490566037736,22
E02001282,Altrincham East,Health and Disability,-0.587852762539185,18
E02001282,Altrincham East,Income,0.09747658699059562,16
E02001282,Altrincham East,Income Deprivation Affecting Children,0.10150438047559451,17
E02001282,Altrincham East,Income Deprivation Affecting Older People,0.1301742596810934,15
E02001282,Altrincham East,Index of Multiple Deprivation,8.04310697492163,18
E02001282,Altrincham East,Living Environment,31.733096590909092,8
E02001283,"Altrincham West, Dunham & Warburton",Barriers to Housing and Services,16.326492227979273,5
E02001283,"Altrincham West, Dunham & Warburton",Crime,-0.17408248704663212,16
E02001283,"Altrincham West, Dunham & Warburton","Education, Skills and Training",2.7321396891191707,17
E02001283,"Altrincham West, Dunham & Warburton",Employment,0.06300034566194261,21
E02001283,"Altrincham West, Dunham & Warburton",Health and Disability,-0.9780283937823835,24
E02001283,"Altrincham West, Dunham & Warburton",Income,0.08651295336787565,19
E02001283,"Altrincham West, Dunham & Warburton",Income Deprivation Affecting Children,0.10356976127320953,16
E02001283,"Altrincham West, Dunham & Warburton",Income Deprivation Affecting Older People,0.0935836284927194,18
E02001283,"Altrincham West, Dunham & Warburton",Index of Multiple Deprivation,7.608798756476683,19
E02001283,"Altrincham West, Dunham & Warburton",Living Environment,17.654920621761658,18
E02001284,Hale,Barriers to Housing and Services,8.559484067712223,19
E02001284,Hale,Crime,-0.6959311675379637,26
E02001284,Hale,"Education, Skills and Training",0.32971371670400795,28
E02001284,Hale,Employment,0.035314256198347105,28
E02001284,Hale,Health and Disability,-1.3975596216081654,28
E02001284,Hale,Income,0.0472428429176002,27
E02001284,Hale,Income Deprivation Affecting Children,0.053454495311638164,26
E02001284,Hale,Income Deprivation Affecting Older People,0.049075376884422116,28
E02001284,Hale,Index of Multiple Deprivation,4.296859347771969,25
E02001284,Hale,Living Environment,29.877787030121983,11
E02001285,Bowdon,Barriers to Housing and Services,11.684169404517453,10
E02001285,Bowdon,Crime,-0.4805182238193018,22
E02001285,Bowdon,"Education, Skills and Training",1.3212204825462013,23
E02001285,Bowdon,Employment,0.06590659340659341,20
E02001285,Bowdon,Health and Disability,-0.9466383470225873,23
E02001285,Bowdon,Income,0.08175205338809034,21
E02001285,Bowdon,Income Deprivation Affecting Children,0.10132514044943819,18
E02001285,Bowdon,Income Deprivation Affecting Older People,0.06605975609756098,24
E02001285,Bowdon,Index of Multiple Deprivation,7.03955159137577,20
E02001285,Bowdon,Living Environment,25.787780030800818,13
E02001286,Hale Barns,Barriers to Housing and Services,22.310605530946965,2
E02001286,Hale Barns,Crime,-0.5464818628037831,23
E02001286,Hale Barns,"Education, Skills and Training",2.149279540284928,19
E02001286,Hale Barns,Employment,0.05583210373351218,25
E02001286,Hale Barns,Health and Disability,-1.3892814557643962,27
E02001286,Hale Barns,Income,0.07303148569376272,23
E02001286,Hale Barns,Income Deprivation Affecting Children,0.07292737430167599,23
E02001286,Hale Barns,Income Deprivation Affecting Older People,0.0809311305732484,20
E02001286,Hale Barns,Index of Multiple Deprivation,5.763725248413743,23
E02001286,Hale Barns,Living Environment,7.413857775649467,26
